URL,Page Title,Meta Description,H1 Tags,SEO Score,Indexable
"https://sydneycoachcharter.com.au","Sydney Coach Charter | Bus Charter Hire | NSW Accredited","Sydney Coach Charter has over 20 Years experience providing coach charter services and bus hire with drivers in Sydney. NSW Government accredited bus hire company.","Welcome to Sydney Coach Charter",80,Yes
"https://sydneycoachcharter.com.au/","Sydney Coach Charter | Bus Charter Hire | NSW Accredited","Sydney Coach Charter has over 20 Years experience providing coach charter services and bus hire with drivers in Sydney. NSW Government accredited bus hire company.","Welcome to Sydney Coach Charter",80,Yes
"https://sydneycoachcharter.com.au/about-sydney-coach-charter/","About | Sydney Coach Charter | Coach Charter Bus Hire | NSW Accredited | Luxury Bus Hire","Learn more about Sydney Coach Charter Bus Hire. We have over 20-Years experience providing coach charter services and bus hire with driver in Sydney. NSW Government accredited bus hire company in Sydney.","About Us",70,Yes
"https://sydneycoachcharter.com.au/about-sydney-coach-charter/testimonials/","Testimonials | Sydney Coach Charter","Read what our customers say about their experience with Sydney Coach Charter. Discover why we’re trusted for reliable and comfortable group travel.","Testimonials",90,Yes
"https://sydneycoachcharter.com.au/about-sydney-coach-charter/frequently-asked-questions/","FAQ | Sydney Coach Charter | Bus Hire | NSW Accredited | Luxury Coach Charter Bus Hire","Have any questions? Here are some answers to commonly asked questions. Hire a Charter Bus with Driver in Sydney. We have over 20-Years experience providing coach charter services and bus hire with driver in Sydney.","Frequently Asked Questions",70,Yes
"https://sydneycoachcharter.com.au/about-sydney-coach-charter/our-fleet/","Our Fleet | Sydney Coach Charter | Bus Hire Sydney | Coach Hire","View our fleet of coach charter buses available for your group transfer across Sydney. Shuttle bus transfers are our speciality. Let Sydney Coach Charter take you where you need to go!","Our Fleet",70,Yes
"https://sydneycoachcharter.com.au/school-transport-bus-coach-charters/","School Bus Hire Sydney | Bus Hire Sydney | Coach Charter Bus Hire","Hire a Sydney Coach Charter Bus with Driver for school bus Transfers. We have over 20-Years’ experience providing coach charter services and bus hire with driver in Sydney. NSW Government accredited bus hire company in Sydney.","School Transport Bus & Coach Charters",70,Yes
"https://sydneycoachcharter.com.au/school-sporting-transfers/","School Sporting Transfers | Sydney Coach Charter","Get your teams to sporting events on time with our comfortable and reliable school sports transfer services.","School Sporting Transfers",80,Yes
"https://sydneycoachcharter.com.au/school-excursions/","School Excursions | Sydney Coach Charter","Plan safe and fun school excursions with our professional bus and coach services tailored for schools.","School Excursions",80,Yes
"https://sydneycoachcharter.com.au/school-camps/","School Camps | Sydney Coach Charter","Ensure hassle-free school camp transport with modern buses, experienced drivers, and comfortable seating.","School Camps",80,Yes
"https://sydneycoachcharter.com.au/corporate-bus-and-coach-charters/","Corporate Coach Hire Sydney | Bus Hire Sydney | Coach Charter Bus Hire","Hire a Sydney Coach Charter Bus with Driver for Corporate Group Transfers. We have over 20-Years experience providing coach charter services and bus hire with driver in Sydney.","Corporate Bus and Coach Charters",70,Yes
