URL,Page Title,Meta Description,Meta Description Length,H1 Tag,Word Count,SEO Score (1-10),Key Issues,Page Load Time,Mobile Friendly (Y/N),Internal Links Count
https://sydneycoachcharter.com.au/,Sydney Coach Charter | Bus Charter Hire | NSW Accredited,Sydney Coach Charter has over 20 Years experience providing coach charter services and bus hire with drivers in Sydney. NSW Government accredited bus hire company.,163,Welcome to Sydney Coach Charter,1429,9,None,0.68s,Y,53
https://sydneycoachcharter.com.au/about-sydney-coach-charter/,About | Sydney Coach Charter | Coach Charter Bus Hire | NSW Accredited | Luxury Bus Hire,Learn more about Sydney Coach Charter Bus Hire. We have over 20-Years experience providing coach charter services and bus hire with driver in Sydney. NSW Government accredited bus hire company in Sydney.,203,About Us,1432,9,None,0.48s,Y,52
https://sydneycoachcharter.com.au/school-transport-bus-coach-charters/,School Bus Hire Sydney | Bus Hire Sydney | Coach Charter Bus Hire,Hire a Sydney Coach Charter Bus with Driver for school bus Transfers. We have over 20-Years’ experience providing coach charter services and bus hire with driver in Sydney. NSW Government accredited bus hire company in Sydney.,226,School Transport Bus & Coach Charters,1274,9,None,0.48s,Y,49
https://sydneycoachcharter.com.au/school-sporting-transfers/,School Sporting Transfers | Sydney Coach Charter,Get your teams to sporting events on time with our comfortable and reliable school sports transfer services.,108,School Sporting Transfers,1241,10,None,0.50s,Y,45
https://sydneycoachcharter.com.au/about-sydney-coach-charter/our-fleet/,Our Fleet | Sydney Coach Charter | Bus Hire Sydney | Coach Hire,View our fleet of coach charter buses available for your group transfer across Sydney. Shuttle bus transfers are our speciality. Let Sydney Coach Charter take you where you need to go!,184,Our Fleet,1387,9,None,0.47s,Y,44
https://sydneycoachcharter.com.au/school-camps/,School Camps | Sydney Coach Charter,"Ensure hassle-free school camp transport with modern buses, experienced drivers, and comfortable seating.",105,School Camps,1321,10,None,0.49s,Y,45
https://sydneycoachcharter.com.au/school-excursions/,School Excursions | Sydney Coach Charter,Plan safe and fun school excursions with our professional bus and coach services tailored for schools.,102,School Excursions,1054,10,None,0.48s,Y,45
https://sydneycoachcharter.com.au/corporate-bus-and-coach-charters/,Corporate Coach Hire Sydney | Bus Hire Sydney | Coach Charter Bus Hire,Hire a Sydney Coach Charter Bus with Driver for Corporate Group Transfers. We have over 20-Years experience providing coach charter services and bus hire with driver in Sydney.,176,Corporate Bus and Coach Charters,1393,9,None,0.47s,Y,49
https://sydneycoachcharter.com.au/company-transfers/,Company Transfers | Sydney Coach Charter,Efficient and reliable company transfers for employees and clients across Sydney with modern buses and coaches.,111,Company Transfers,1269,10,None,0.48s,Y,45
https://sydneycoachcharter.com.au/conferences-and-meetings/,Conferences and Meetings | Sydney Coach Charter,"Professional group transport for conferences, corporate meetings, and seminars with premium buses.",98,Conferences and Meetings,1256,10,None,0.51s,Y,45
https://sydneycoachcharter.com.au/company-events/,Company Events | Sydney Coach Charter,"Reliable bus and coach services for company events, staff outings, and corporate gatherings.",92,Company Events,1171,10,None,0.48s,Y,45
https://sydneycoachcharter.com.au/airport-and-hotel-transfers/,Airport & Hotel Transfers | Sydney Coach Charter,Enjoy seamless airport and hotel transfers with our comfortable buses and punctual drivers in Sydney.,101,Airport and Hotel Transfers,1134,10,None,0.50s,Y,45
https://sydneycoachcharter.com.au/conference-support/,Conference Support | Sydney Coach Charter,"Reliable transport support for conferences and business events with modern, well-equipped coaches.",98,Conference Support,1285,10,None,0.49s,Y,45
https://sydneycoachcharter.com.au/vip-and-guest-bus-and-coach-transfers/,VIP and Guest Bus and Coach Transfers | Sydney Coach Charter,"Luxury and discreet VIP bus and coach transfers for guests, events, and corporate functions.",92,VIP and Guest Bus and Coach Transfers,1161,10,None,0.50s,Y,45
https://sydneycoachcharter.com.au/conference-delegate-transfers/,Conference Delegate Transfers | Sydney Coach Charter,Smooth and timely delegate transfers for conferences and business events with modern coaches.,93,Conference Delegate Transfers,1244,10,None,0.48s,Y,45
https://sydneycoachcharter.com.au/contact-sydney-coach-charter/,Contact | Sydney Coach Charter | Bus Hire | NSW Accredited,Contact the team at Sydney Coach Charter. Hire a Charter Bus with Driver in Sydney. We have over 20-Years’ experience providing coach charter services and bus hire with driver in Sydney.,186,Contact Us,214,8,None,0.47s,Y,42
https://sydneycoachcharter.com.au/about-sydney-coach-charter/testimonials/,Testimonials | Sydney Coach Charter,Read what our customers say about their experience with Sydney Coach Charter. Discover why we’re trusted for reliable and comfortable group travel.,147,Testimonials,3352,10,None,0.49s,Y,44
https://sydneycoachcharter.com.au/about-sydney-coach-charter/frequently-asked-questions/,FAQ | Sydney Coach Charter | Bus Hire | NSW Accredited | Luxury Coach Charter Bus Hire,Have any questions? Here are some answers to commonly asked questions. Hire a Charter Bus with Driver in Sydney. We have over 20-Years experience providing coach charter services and bus hire with driver in Sydney.,214,Frequently Asked Questions,3411,9,None,0.48s,Y,47
https://sydneycoachcharter.com.au/get-a-quote/,Get a Quote for Bus & Coach Charters | Sydney Coach Charter,"Request a free quote for bus and coach charter services in Sydney. Get fast, reliable pricing for school trips, corporate events, weddings, and more.",149,Get a quote,496,10,None,0.52s,Y,42
